underlying,expiry_bucket,expiry_date,fyers_symbol,lot_size,tick_size
360ONE,NEAR,2026-07-28,NSE:360ONE26JULFUT,500,0.1
360ONE,NEXT,2026-08-25,NSE:360ONE26AUGFUT,500,0.1
360ONE,FAR,2026-09-29,NSE:360ONE26SEPFUT,500,0.1
ABB,NEAR,2026-07-28,NSE:ABB26JULFUT,125,0.5
ABB,NEXT,2026-08-25,NSE:ABB26AUGFUT,125,0.5
ABB,FAR,2026-09-29,NSE:ABB26SEPFUT,125,0.5
ABCAPITAL,NEAR,2026-07-28,NSE:ABCAPITAL26JULFUT,3100,0.05
ABCAPITAL,NEXT,2026-08-25,NSE:ABCAPITAL26AUGFUT,3100,0.05
ABCAPITAL,FAR,2026-09-29,NSE:ABCAPITAL26SEPFUT,3100,0.05
ADANIENSOL,NEAR,2026-07-28,NSE:ADANIENSOL26JULFUT,675,0.1
ADANIENSOL,NEXT,2026-08-25,NSE:ADANIENSOL26AUGFUT,675,0.1
ADANIENSOL,FAR,2026-09-29,NSE:ADANIENSOL26SEPFUT,675,0.1
ADANIENT,NEAR,2026-07-28,NSE:ADANIENT26JULFUT,309,0.1
ADANIENT,NEXT,2026-08-25,NSE:ADANIENT26AUGFUT,309,0.1
ADANIENT,FAR,2026-09-29,NSE:ADANIENT26SEPFUT,309,0.1
ADANIGREEN,NEAR,2026-07-28,NSE:ADANIGREEN26JULFUT,600,0.1
ADANIGREEN,NEXT,2026-08-25,NSE:ADANIGREEN26AUGFUT,600,0.1
ADANIGREEN,FAR,2026-09-29,NSE:ADANIGREEN26SEPFUT,600,0.1
ADANIPORTS,NEAR,2026-07-28,NSE:ADANIPORTS26JULFUT,475,0.1
ADANIPORTS,NEXT,2026-08-25,NSE:ADANIPORTS26AUGFUT,475,0.1
ADANIPORTS,FAR,2026-09-29,NSE:ADANIPORTS26SEPFUT,475,0.1
ADANIPOWER,NEAR,2026-07-28,NSE:ADANIPOWER26JULFUT,3550,0.01
ADANIPOWER,NEXT,2026-08-25,NSE:ADANIPOWER26AUGFUT,3550,0.01
ADANIPOWER,FAR,2026-09-29,NSE:ADANIPOWER26SEPFUT,3550,0.01
ALKEM,NEAR,2026-07-28,NSE:ALKEM26JULFUT,125,0.5
ALKEM,NEXT,2026-08-25,NSE:ALKEM26AUGFUT,125,0.5
ALKEM,FAR,2026-09-29,NSE:ALKEM26SEPFUT,125,0.5
AMBER,NEAR,2026-07-28,NSE:AMBER26JULFUT,100,0.5
AMBER,NEXT,2026-08-25,NSE:AMBER26AUGFUT,100,0.5
AMBER,FAR,2026-09-29,NSE:AMBER26SEPFUT,100,0.5
AMBUJACEM,NEAR,2026-07-28,NSE:AMBUJACEM26JULFUT,1200,0.05
AMBUJACEM,NEXT,2026-08-25,NSE:AMBUJACEM26AUGFUT,1200,0.05
AMBUJACEM,FAR,2026-09-29,NSE:AMBUJACEM26SEPFUT,1200,0.05
ANGELONE,NEAR,2026-07-28,NSE:ANGELONE26JULFUT,2500,0.05
ANGELONE,NEXT,2026-08-25,NSE:ANGELONE26AUGFUT,2500,0.05
ANGELONE,FAR,2026-09-29,NSE:ANGELONE26SEPFUT,2500,0.05
APLAPOLLO,NEAR,2026-07-28,NSE:APLAPOLLO26JULFUT,350,0.1
APLAPOLLO,NEXT,2026-08-25,NSE:APLAPOLLO26AUGFUT,350,0.1
APLAPOLLO,FAR,2026-09-29,NSE:APLAPOLLO26SEPFUT,350,0.1
APOLLOHOSP,NEAR,2026-07-28,NSE:APOLLOHOSP26JULFUT,125,0.5
APOLLOHOSP,NEXT,2026-08-25,NSE:APOLLOHOSP26AUGFUT,125,0.5
APOLLOHOSP,FAR,2026-09-29,NSE:APOLLOHOSP26SEPFUT,125,0.5
ASHOKLEY,NEAR,2026-07-28,NSE:ASHOKLEY26JULFUT,5000,0.01
ASHOKLEY,NEXT,2026-08-25,NSE:ASHOKLEY26AUGFUT,5000,0.01
ASHOKLEY,FAR,2026-09-29,NSE:ASHOKLEY26SEPFUT,5000,0.01
ASIANPAINT,NEAR,2026-07-28,NSE:ASIANPAINT26JULFUT,250,0.1
ASIANPAINT,NEXT,2026-08-25,NSE:ASIANPAINT26AUGFUT,250,0.1
ASIANPAINT,FAR,2026-09-29,NSE:ASIANPAINT26SEPFUT,250,0.1
ASTRAL,NEAR,2026-07-28,NSE:ASTRAL26JULFUT,425,0.1
ASTRAL,NEXT,2026-08-25,NSE:ASTRAL26AUGFUT,425,0.1
ASTRAL,FAR,2026-09-29,NSE:ASTRAL26SEPFUT,425,0.1
AUBANK,NEAR,2026-07-28,NSE:AUBANK26JULFUT,1000,0.1
AUBANK,NEXT,2026-08-25,NSE:AUBANK26AUGFUT,1000,0.1
AUBANK,FAR,2026-09-29,NSE:AUBANK26SEPFUT,1000,0.1
AUROPHARMA,NEAR,2026-07-28,NSE:AUROPHARMA26JULFUT,550,0.1
AUROPHARMA,NEXT,2026-08-25,NSE:AUROPHARMA26AUGFUT,550,0.1
AUROPHARMA,FAR,2026-09-29,NSE:AUROPHARMA26SEPFUT,550,0.1
AXISBANK,NEAR,2026-07-28,NSE:AXISBANK26JULFUT,625,0.1
AXISBANK,NEXT,2026-08-25,NSE:AXISBANK26AUGFUT,625,0.1
AXISBANK,FAR,2026-09-29,NSE:AXISBANK26SEPFUT,625,0.1
BAJAJ-AUTO,NEAR,2026-07-28,NSE:BAJAJ-AUTO26JULFUT,75,0.5
BAJAJ-AUTO,NEXT,2026-08-25,NSE:BAJAJ-AUTO26AUGFUT,75,0.5
BAJAJ-AUTO,FAR,2026-09-29,NSE:BAJAJ-AUTO26SEPFUT,75,0.5
BAJAJFINSV,NEAR,2026-07-28,NSE:BAJAJFINSV26JULFUT,300,0.1
BAJAJFINSV,NEXT,2026-08-25,NSE:BAJAJFINSV26AUGFUT,300,0.1
BAJAJFINSV,FAR,2026-09-29,NSE:BAJAJFINSV26SEPFUT,300,0.1
BAJAJHLDNG,NEAR,2026-07-28,NSE:BAJAJHLDNG26JULFUT,75,1.0
BAJAJHLDNG,NEXT,2026-08-25,NSE:BAJAJHLDNG26AUGFUT,75,1.0
BAJAJHLDNG,FAR,2026-09-29,NSE:BAJAJHLDNG26SEPFUT,75,1.0
BAJFINANCE,NEAR,2026-07-28,NSE:BAJFINANCE26JULFUT,750,0.1
BAJFINANCE,NEXT,2026-08-25,NSE:BAJFINANCE26AUGFUT,750,0.1
BAJFINANCE,FAR,2026-09-29,NSE:BAJFINANCE26SEPFUT,750,0.1
BANDHANBNK,NEAR,2026-07-28,NSE:BANDHANBNK26JULFUT,3600,0.01
BANDHANBNK,NEXT,2026-08-25,NSE:BANDHANBNK26AUGFUT,3600,0.01
BANDHANBNK,FAR,2026-09-29,NSE:BANDHANBNK26SEPFUT,3600,0.01
BANKBARODA,NEAR,2026-07-28,NSE:BANKBARODA26JULFUT,2925,0.05
BANKBARODA,NEXT,2026-08-25,NSE:BANKBARODA26AUGFUT,2925,0.05
BANKBARODA,FAR,2026-09-29,NSE:BANKBARODA26SEPFUT,2925,0.05
BANKINDIA,NEAR,2026-07-28,NSE:BANKINDIA26JULFUT,5200,0.01
BANKINDIA,NEXT,2026-08-25,NSE:BANKINDIA26AUGFUT,5200,0.01
BANKINDIA,FAR,2026-09-29,NSE:BANKINDIA26SEPFUT,5200,0.01
BANKNIFTY,NEAR,2026-07-28,NSE:BANKNIFTY26JULFUT,30,0.2
BANKNIFTY,NEXT,2026-08-25,NSE:BANKNIFTY26AUGFUT,30,0.2
BANKNIFTY,FAR,2026-09-29,NSE:BANKNIFTY26SEPFUT,30,0.2
BDL,NEAR,2026-07-28,NSE:BDL26JULFUT,425,0.1
BDL,NEXT,2026-08-25,NSE:BDL26AUGFUT,425,0.1
BDL,FAR,2026-09-29,NSE:BDL26SEPFUT,425,0.1
BEL,NEAR,2026-07-28,NSE:BEL26JULFUT,1425,0.05
BEL,NEXT,2026-08-25,NSE:BEL26AUGFUT,1425,0.05
BEL,FAR,2026-09-29,NSE:BEL26SEPFUT,1425,0.05
BHARATFORG,NEAR,2026-07-28,NSE:BHARATFORG26JULFUT,500,0.1
BHARATFORG,NEXT,2026-08-25,NSE:BHARATFORG26AUGFUT,500,0.1
BHARATFORG,FAR,2026-09-29,NSE:BHARATFORG26SEPFUT,500,0.1
BHARTIARTL,NEAR,2026-07-28,NSE:BHARTIARTL26JULFUT,475,0.1
BHARTIARTL,NEXT,2026-08-25,NSE:BHARTIARTL26AUGFUT,475,0.1
BHARTIARTL,FAR,2026-09-29,NSE:BHARTIARTL26SEPFUT,475,0.1
BHEL,NEAR,2026-07-28,NSE:BHEL26JULFUT,2625,0.05
BHEL,NEXT,2026-08-25,NSE:BHEL26AUGFUT,2625,0.05
BHEL,FAR,2026-09-29,NSE:BHEL26SEPFUT,2625,0.05
BIOCON,NEAR,2026-07-28,NSE:BIOCON26JULFUT,2500,0.05
BIOCON,NEXT,2026-08-25,NSE:BIOCON26AUGFUT,2500,0.05
BIOCON,FAR,2026-09-29,NSE:BIOCON26SEPFUT,2500,0.05
BLUESTARCO,NEAR,2026-07-28,NSE:BLUESTARCO26JULFUT,325,0.1
BLUESTARCO,NEXT,2026-08-25,NSE:BLUESTARCO26AUGFUT,325,0.1
BLUESTARCO,FAR,2026-09-29,NSE:BLUESTARCO26SEPFUT,325,0.1
BOSCHLTD,NEAR,2026-07-28,NSE:BOSCHLTD26JULFUT,25,5.0
BOSCHLTD,NEXT,2026-08-25,NSE:BOSCHLTD26AUGFUT,25,5.0
BOSCHLTD,FAR,2026-09-29,NSE:BOSCHLTD26SEPFUT,25,5.0
BPCL,NEAR,2026-07-28,NSE:BPCL26JULFUT,1975,0.05
BPCL,NEXT,2026-08-25,NSE:BPCL26AUGFUT,1975,0.05
BPCL,FAR,2026-09-29,NSE:BPCL26SEPFUT,1975,0.05
BRITANNIA,NEAR,2026-07-28,NSE:BRITANNIA26JULFUT,125,0.5
BRITANNIA,NEXT,2026-08-25,NSE:BRITANNIA26AUGFUT,125,0.5
BRITANNIA,FAR,2026-09-29,NSE:BRITANNIA26SEPFUT,125,0.5
BSE,NEAR,2026-07-28,NSE:BSE26JULFUT,200,0.1
BSE,NEXT,2026-08-25,NSE:BSE26AUGFUT,200,0.1
BSE,FAR,2026-09-29,NSE:BSE26SEPFUT,200,0.1
CAMS,NEAR,2026-07-28,NSE:CAMS26JULFUT,825,0.05
CAMS,NEXT,2026-08-25,NSE:CAMS26AUGFUT,825,0.05
CAMS,FAR,2026-09-29,NSE:CAMS26SEPFUT,825,0.05
CANBK,NEAR,2026-07-28,NSE:CANBK26JULFUT,6750,0.01
CANBK,NEXT,2026-08-25,NSE:CANBK26AUGFUT,6750,0.01
CANBK,FAR,2026-09-29,NSE:CANBK26SEPFUT,6750,0.01
CDSL,NEAR,2026-07-28,NSE:CDSL26JULFUT,475,0.1
CDSL,NEXT,2026-08-25,NSE:CDSL26AUGFUT,475,0.1
CDSL,FAR,2026-09-29,NSE:CDSL26SEPFUT,475,0.1
CGPOWER,NEAR,2026-07-28,NSE:CGPOWER26JULFUT,850,0.05
CGPOWER,NEXT,2026-08-25,NSE:CGPOWER26AUGFUT,850,0.05
CGPOWER,FAR,2026-09-29,NSE:CGPOWER26SEPFUT,850,0.05
CHOLAFIN,NEAR,2026-07-28,NSE:CHOLAFIN26JULFUT,625,0.1
CHOLAFIN,NEXT,2026-08-25,NSE:CHOLAFIN26AUGFUT,625,0.1
CHOLAFIN,FAR,2026-09-29,NSE:CHOLAFIN26SEPFUT,625,0.1
CIPLA,NEAR,2026-07-28,NSE:CIPLA26JULFUT,425,0.1
CIPLA,NEXT,2026-08-25,NSE:CIPLA26AUGFUT,425,0.1
CIPLA,FAR,2026-09-29,NSE:CIPLA26SEPFUT,425,0.1
COALINDIA,NEAR,2026-07-28,NSE:COALINDIA26JULFUT,1350,0.05
COALINDIA,NEXT,2026-08-25,NSE:COALINDIA26AUGFUT,1350,0.05
COALINDIA,FAR,2026-09-29,NSE:COALINDIA26SEPFUT,1350,0.05
COCHINSHIP,NEAR,2026-07-28,NSE:COCHINSHIP26JULFUT,400,0.1
COCHINSHIP,NEXT,2026-08-25,NSE:COCHINSHIP26AUGFUT,400,0.1
COCHINSHIP,FAR,2026-09-29,NSE:COCHINSHIP26SEPFUT,400,0.1
COFORGE,NEAR,2026-07-28,NSE:COFORGE26JULFUT,475,0.1
COFORGE,NEXT,2026-08-25,NSE:COFORGE26AUGFUT,475,0.1
COFORGE,FAR,2026-09-29,NSE:COFORGE26SEPFUT,475,0.1
COLPAL,NEAR,2026-07-28,NSE:COLPAL26JULFUT,275,0.1
COLPAL,NEXT,2026-08-25,NSE:COLPAL26AUGFUT,275,0.1
COLPAL,FAR,2026-09-29,NSE:COLPAL26SEPFUT,275,0.1
CONCOR,NEAR,2026-07-28,NSE:CONCOR26JULFUT,1250,0.05
CONCOR,NEXT,2026-08-25,NSE:CONCOR26AUGFUT,1250,0.05
CONCOR,FAR,2026-09-29,NSE:CONCOR26SEPFUT,1250,0.05
CROMPTON,NEAR,2026-07-28,NSE:CROMPTON26JULFUT,2150,0.05
CROMPTON,NEXT,2026-08-25,NSE:CROMPTON26AUGFUT,2150,0.05
CROMPTON,FAR,2026-09-29,NSE:CROMPTON26SEPFUT,2150,0.05
CUMMINSIND,NEAR,2026-07-28,NSE:CUMMINSIND26JULFUT,200,0.5
CUMMINSIND,NEXT,2026-08-25,NSE:CUMMINSIND26AUGFUT,200,0.5
CUMMINSIND,FAR,2026-09-29,NSE:CUMMINSIND26SEPFUT,200,0.5
DABUR,NEAR,2026-07-28,NSE:DABUR26JULFUT,1250,0.05
DABUR,NEXT,2026-08-25,NSE:DABUR26AUGFUT,1250,0.05
DABUR,FAR,2026-09-29,NSE:DABUR26SEPFUT,1250,0.05
DALBHARAT,NEAR,2026-07-28,NSE:DALBHARAT26JULFUT,325,0.1
DALBHARAT,NEXT,2026-08-25,NSE:DALBHARAT26AUGFUT,325,0.1
DELHIVERY,NEAR,2026-07-28,NSE:DELHIVERY26JULFUT,2075,0.05
DELHIVERY,NEXT,2026-08-25,NSE:DELHIVERY26AUGFUT,2075,0.05
DELHIVERY,FAR,2026-09-29,NSE:DELHIVERY26SEPFUT,2075,0.05
DIVISLAB,NEAR,2026-07-28,NSE:DIVISLAB26JULFUT,100,0.5
DIVISLAB,NEXT,2026-08-25,NSE:DIVISLAB26AUGFUT,100,0.5
DIVISLAB,FAR,2026-09-29,NSE:DIVISLAB26SEPFUT,100,0.5
DIXON,NEAR,2026-07-28,NSE:DIXON26JULFUT,50,1.0
DIXON,NEXT,2026-08-25,NSE:DIXON26AUGFUT,50,1.0
DIXON,FAR,2026-09-29,NSE:DIXON26SEPFUT,50,1.0
DLF,NEAR,2026-07-28,NSE:DLF26JULFUT,950,0.05
DLF,NEXT,2026-08-25,NSE:DLF26AUGFUT,950,0.05
DLF,FAR,2026-09-29,NSE:DLF26SEPFUT,950,0.05
DMART,NEAR,2026-07-28,NSE:DMART26JULFUT,150,0.1
DMART,NEXT,2026-08-25,NSE:DMART26AUGFUT,150,0.1
DMART,FAR,2026-09-29,NSE:DMART26SEPFUT,150,0.1
DRREDDY,NEAR,2026-07-28,NSE:DRREDDY26JULFUT,625,0.1
DRREDDY,NEXT,2026-08-25,NSE:DRREDDY26AUGFUT,625,0.1
DRREDDY,FAR,2026-09-29,NSE:DRREDDY26SEPFUT,625,0.1
EICHERMOT,NEAR,2026-07-28,NSE:EICHERMOT26JULFUT,100,0.5
EICHERMOT,NEXT,2026-08-25,NSE:EICHERMOT26AUGFUT,100,0.5
EICHERMOT,FAR,2026-09-29,NSE:EICHERMOT26SEPFUT,100,0.5
ETERNAL,NEAR,2026-07-28,NSE:ETERNAL26JULFUT,2425,0.05
ETERNAL,NEXT,2026-08-25,NSE:ETERNAL26AUGFUT,2425,0.05
ETERNAL,FAR,2026-09-29,NSE:ETERNAL26SEPFUT,2425,0.05
EXIDEIND,NEAR,2026-07-28,NSE:EXIDEIND26JULFUT,1800,0.05
FEDERALBNK,NEAR,2026-07-28,NSE:FEDERALBNK26JULFUT,2500,0.05
FEDERALBNK,NEXT,2026-08-25,NSE:FEDERALBNK26AUGFUT,2500,0.05
FEDERALBNK,FAR,2026-09-29,NSE:FEDERALBNK26SEPFUT,2500,0.05
FINNIFTY,NEAR,2026-07-28,NSE:FINNIFTY26JULFUT,60,0.1
FINNIFTY,NEXT,2026-08-25,NSE:FINNIFTY26AUGFUT,60,0.1
FINNIFTY,FAR,2026-09-29,NSE:FINNIFTY26SEPFUT,60,0.1
FORCEMOT,NEAR,2026-07-28,NSE:FORCEMOT26JULFUT,25,1.0
FORCEMOT,NEXT,2026-08-25,NSE:FORCEMOT26AUGFUT,25,1.0
FORCEMOT,FAR,2026-09-29,NSE:FORCEMOT26SEPFUT,25,1.0
FORTIS,NEAR,2026-07-28,NSE:FORTIS26JULFUT,775,0.05
FORTIS,NEXT,2026-08-25,NSE:FORTIS26AUGFUT,775,0.05
FORTIS,FAR,2026-09-29,NSE:FORTIS26SEPFUT,775,0.05
GAIL,NEAR,2026-07-28,NSE:GAIL26JULFUT,3550,0.01
GAIL,NEXT,2026-08-25,NSE:GAIL26AUGFUT,3550,0.01
GAIL,FAR,2026-09-29,NSE:GAIL26SEPFUT,3550,0.01
GLENMARK,NEAR,2026-07-28,NSE:GLENMARK26JULFUT,375,0.1
GLENMARK,NEXT,2026-08-25,NSE:GLENMARK26AUGFUT,375,0.1
GLENMARK,FAR,2026-09-29,NSE:GLENMARK26SEPFUT,375,0.1
GMRAIRPORT,NEAR,2026-07-28,NSE:GMRAIRPORT26JULFUT,6975,0.01
GMRAIRPORT,NEXT,2026-08-25,NSE:GMRAIRPORT26AUGFUT,6975,0.01
GMRAIRPORT,FAR,2026-09-29,NSE:GMRAIRPORT26SEPFUT,6975,0.01
GODFRYPHLP,NEAR,2026-07-28,NSE:GODFRYPHLP26JULFUT,275,0.1
GODFRYPHLP,NEXT,2026-08-25,NSE:GODFRYPHLP26AUGFUT,275,0.1
GODFRYPHLP,FAR,2026-09-29,NSE:GODFRYPHLP26SEPFUT,275,0.1
GODREJCP,NEAR,2026-07-28,NSE:GODREJCP26JULFUT,500,0.1
GODREJCP,NEXT,2026-08-25,NSE:GODREJCP26AUGFUT,500,0.1
GODREJCP,FAR,2026-09-29,NSE:GODREJCP26SEPFUT,500,0.1
GODREJPROP,NEAR,2026-07-28,NSE:GODREJPROP26JULFUT,325,0.1
GODREJPROP,NEXT,2026-08-25,NSE:GODREJPROP26AUGFUT,325,0.1
GODREJPROP,FAR,2026-09-29,NSE:GODREJPROP26SEPFUT,325,0.1
GRASIM,NEAR,2026-07-28,NSE:GRASIM26JULFUT,250,0.1
GRASIM,NEXT,2026-08-25,NSE:GRASIM26AUGFUT,250,0.1
GRASIM,FAR,2026-09-29,NSE:GRASIM26SEPFUT,250,0.1
GVT&D,NEAR,2026-07-28,NSE:GVT&D26JULFUT,125,0.1
GVT&D,NEXT,2026-08-25,NSE:GVT&D26AUGFUT,125,0.1
GVT&D,FAR,2026-09-29,NSE:GVT&D26SEPFUT,125,0.1
HAL,NEAR,2026-07-28,NSE:HAL26JULFUT,150,0.1
HAL,NEXT,2026-08-25,NSE:HAL26AUGFUT,150,0.1
HAL,FAR,2026-09-29,NSE:HAL26SEPFUT,150,0.1
HAVELLS,NEAR,2026-07-28,NSE:HAVELLS26JULFUT,500,0.1
HAVELLS,NEXT,2026-08-25,NSE:HAVELLS26AUGFUT,500,0.1
HAVELLS,FAR,2026-09-29,NSE:HAVELLS26SEPFUT,500,0.1
HCLTECH,NEAR,2026-07-28,NSE:HCLTECH26JULFUT,400,0.1
HCLTECH,NEXT,2026-08-25,NSE:HCLTECH26AUGFUT,400,0.1
HCLTECH,FAR,2026-09-29,NSE:HCLTECH26SEPFUT,400,0.1
HDFCAMC,NEAR,2026-07-28,NSE:HDFCAMC26JULFUT,300,0.1
HDFCAMC,NEXT,2026-08-25,NSE:HDFCAMC26AUGFUT,300,0.1
HDFCAMC,FAR,2026-09-29,NSE:HDFCAMC26SEPFUT,300,0.1
HDFCBANK,NEAR,2026-07-28,NSE:HDFCBANK26JULFUT,650,0.05
HDFCBANK,NEXT,2026-08-25,NSE:HDFCBANK26AUGFUT,650,0.05
HDFCBANK,FAR,2026-09-29,NSE:HDFCBANK26SEPFUT,650,0.05
HDFCLIFE,NEAR,2026-07-28,NSE:HDFCLIFE26JULFUT,1100,0.05
HDFCLIFE,NEXT,2026-08-25,NSE:HDFCLIFE26AUGFUT,1100,0.05
HDFCLIFE,FAR,2026-09-29,NSE:HDFCLIFE26SEPFUT,1100,0.05
HEROMOTOCO,NEAR,2026-07-28,NSE:HEROMOTOCO26JULFUT,150,0.1
HEROMOTOCO,NEXT,2026-08-25,NSE:HEROMOTOCO26AUGFUT,150,0.1
HEROMOTOCO,FAR,2026-09-29,NSE:HEROMOTOCO26SEPFUT,150,0.1
HINDALCO,NEAR,2026-07-28,NSE:HINDALCO26JULFUT,700,0.05
HINDALCO,NEXT,2026-08-25,NSE:HINDALCO26AUGFUT,700,0.05
HINDALCO,FAR,2026-09-29,NSE:HINDALCO26SEPFUT,700,0.05
HINDPETRO,NEAR,2026-07-28,NSE:HINDPETRO26JULFUT,2025,0.05
HINDPETRO,NEXT,2026-08-25,NSE:HINDPETRO26AUGFUT,2025,0.05
HINDPETRO,FAR,2026-09-29,NSE:HINDPETRO26SEPFUT,2025,0.05
HINDUNILVR,NEAR,2026-07-28,NSE:HINDUNILVR26JULFUT,300,0.1
HINDUNILVR,NEXT,2026-08-25,NSE:HINDUNILVR26AUGFUT,300,0.1
HINDUNILVR,FAR,2026-09-29,NSE:HINDUNILVR26SEPFUT,300,0.1
HINDZINC,NEAR,2026-07-28,NSE:HINDZINC26JULFUT,1225,0.05
HINDZINC,NEXT,2026-08-25,NSE:HINDZINC26AUGFUT,1225,0.05
HINDZINC,FAR,2026-09-29,NSE:HINDZINC26SEPFUT,1225,0.05
HYUNDAI,NEAR,2026-07-28,NSE:HYUNDAI26JULFUT,275,0.1
HYUNDAI,NEXT,2026-08-25,NSE:HYUNDAI26AUGFUT,275,0.1
HYUNDAI,FAR,2026-09-29,NSE:HYUNDAI26SEPFUT,275,0.1
ICICIBANK,NEAR,2026-07-28,NSE:ICICIBANK26JULFUT,700,0.1
ICICIBANK,NEXT,2026-08-25,NSE:ICICIBANK26AUGFUT,700,0.1
ICICIBANK,FAR,2026-09-29,NSE:ICICIBANK26SEPFUT,700,0.1
ICICIGI,NEAR,2026-07-28,NSE:ICICIGI26JULFUT,325,0.1
ICICIGI,NEXT,2026-08-25,NSE:ICICIGI26AUGFUT,325,0.1
ICICIGI,FAR,2026-09-29,NSE:ICICIGI26SEPFUT,325,0.1
ICICIPRULI,NEAR,2026-07-28,NSE:ICICIPRULI26JULFUT,925,0.05
ICICIPRULI,NEXT,2026-08-25,NSE:ICICIPRULI26AUGFUT,925,0.05
ICICIPRULI,FAR,2026-09-29,NSE:ICICIPRULI26SEPFUT,925,0.05
IDEA,NEAR,2026-07-28,NSE:IDEA26JULFUT,71475,0.01
IDEA,NEXT,2026-08-25,NSE:IDEA26AUGFUT,71475,0.01
IDEA,FAR,2026-09-29,NSE:IDEA26SEPFUT,71475,0.01
IDFCFIRSTB,NEAR,2026-07-28,NSE:IDFCFIRSTB26JULFUT,9275,0.01
IDFCFIRSTB,NEXT,2026-08-25,NSE:IDFCFIRSTB26AUGFUT,9275,0.01
IDFCFIRSTB,FAR,2026-09-29,NSE:IDFCFIRSTB26SEPFUT,9275,0.01
IEX,NEAR,2026-07-28,NSE:IEX26JULFUT,4350,0.01
IEX,NEXT,2026-08-25,NSE:IEX26AUGFUT,4350,0.01
IEX,FAR,2026-09-29,NSE:IEX26SEPFUT,4350,0.01
INDHOTEL,NEAR,2026-07-28,NSE:INDHOTEL26JULFUT,1000,0.05
INDHOTEL,NEXT,2026-08-25,NSE:INDHOTEL26AUGFUT,1000,0.05
INDHOTEL,FAR,2026-09-29,NSE:INDHOTEL26SEPFUT,1000,0.05
INDIANB,NEAR,2026-07-28,NSE:INDIANB26JULFUT,1000,0.05
INDIANB,NEXT,2026-08-25,NSE:INDIANB26AUGFUT,1000,0.05
INDIANB,FAR,2026-09-29,NSE:INDIANB26SEPFUT,1000,0.05
INDIGO,NEAR,2026-07-28,NSE:INDIGO26JULFUT,150,0.5
INDIGO,NEXT,2026-08-25,NSE:INDIGO26AUGFUT,150,0.5
INDIGO,FAR,2026-09-29,NSE:INDIGO26SEPFUT,150,0.5
INDUSINDBK,NEAR,2026-07-28,NSE:INDUSINDBK26JULFUT,700,0.05
INDUSINDBK,NEXT,2026-08-25,NSE:INDUSINDBK26AUGFUT,700,0.05
INDUSINDBK,FAR,2026-09-29,NSE:INDUSINDBK26SEPFUT,700,0.05
INDUSTOWER,NEAR,2026-07-28,NSE:INDUSTOWER26JULFUT,1700,0.05
INDUSTOWER,NEXT,2026-08-25,NSE:INDUSTOWER26AUGFUT,1700,0.05
INDUSTOWER,FAR,2026-09-29,NSE:INDUSTOWER26SEPFUT,1700,0.05
INFY,NEAR,2026-07-28,NSE:INFY26JULFUT,400,0.1
INFY,NEXT,2026-08-25,NSE:INFY26AUGFUT,400,0.1
INFY,FAR,2026-09-29,NSE:INFY26SEPFUT,400,0.1
INOXWIND,NEAR,2026-07-28,NSE:INOXWIND26JULFUT,6400,0.01
INOXWIND,NEXT,2026-08-25,NSE:INOXWIND26AUGFUT,6400,0.01
INOXWIND,FAR,2026-09-29,NSE:INOXWIND26SEPFUT,6400,0.01
IOC,NEAR,2026-07-28,NSE:IOC26JULFUT,4875,0.01
IOC,NEXT,2026-08-25,NSE:IOC26AUGFUT,4875,0.01
IOC,FAR,2026-09-29,NSE:IOC26SEPFUT,4875,0.01
IREDA,NEAR,2026-07-28,NSE:IREDA26JULFUT,4525,0.01
IREDA,NEXT,2026-08-25,NSE:IREDA26AUGFUT,4525,0.01
IREDA,FAR,2026-09-29,NSE:IREDA26SEPFUT,4525,0.01
IRFC,NEAR,2026-07-28,NSE:IRFC26JULFUT,5425,0.01
IRFC,NEXT,2026-08-25,NSE:IRFC26AUGFUT,5425,0.01
IRFC,FAR,2026-09-29,NSE:IRFC26SEPFUT,5425,0.01
ITC,NEAR,2026-07-28,NSE:ITC26JULFUT,1725,0.05
ITC,NEXT,2026-08-25,NSE:ITC26AUGFUT,1725,0.05
ITC,FAR,2026-09-29,NSE:ITC26SEPFUT,1725,0.05
JINDALSTEL,NEAR,2026-07-28,NSE:JINDALSTEL26JULFUT,625,0.1
JINDALSTEL,NEXT,2026-08-25,NSE:JINDALSTEL26AUGFUT,625,0.1
JINDALSTEL,FAR,2026-09-29,NSE:JINDALSTEL26SEPFUT,625,0.1
JIOFIN,NEAR,2026-07-28,NSE:JIOFIN26JULFUT,2350,0.01
JIOFIN,NEXT,2026-08-25,NSE:JIOFIN26AUGFUT,2350,0.01
JIOFIN,FAR,2026-09-29,NSE:JIOFIN26SEPFUT,2350,0.01
JSWENERGY,NEAR,2026-07-28,NSE:JSWENERGY26JULFUT,1075,0.05
JSWENERGY,NEXT,2026-08-25,NSE:JSWENERGY26AUGFUT,1075,0.05
JSWENERGY,FAR,2026-09-29,NSE:JSWENERGY26SEPFUT,1075,0.05
JSWSTEEL,NEAR,2026-07-28,NSE:JSWSTEEL26JULFUT,675,0.1
JSWSTEEL,NEXT,2026-08-25,NSE:JSWSTEEL26AUGFUT,675,0.1
JSWSTEEL,FAR,2026-09-29,NSE:JSWSTEEL26SEPFUT,675,0.1
JUBLFOOD,NEAR,2026-07-28,NSE:JUBLFOOD26JULFUT,1250,0.05
JUBLFOOD,NEXT,2026-08-25,NSE:JUBLFOOD26AUGFUT,1250,0.05
JUBLFOOD,FAR,2026-09-29,NSE:JUBLFOOD26SEPFUT,1250,0.05
KALYANKJIL,NEAR,2026-07-28,NSE:KALYANKJIL26JULFUT,1350,0.05
KALYANKJIL,NEXT,2026-08-25,NSE:KALYANKJIL26AUGFUT,1350,0.05
KALYANKJIL,FAR,2026-09-29,NSE:KALYANKJIL26SEPFUT,1350,0.05
KAYNES,NEAR,2026-07-28,NSE:KAYNES26JULFUT,150,0.1
KAYNES,NEXT,2026-08-25,NSE:KAYNES26AUGFUT,150,0.1
KAYNES,FAR,2026-09-29,NSE:KAYNES26SEPFUT,150,0.1
KEI,NEAR,2026-07-28,NSE:KEI26JULFUT,175,0.5
KEI,NEXT,2026-08-25,NSE:KEI26AUGFUT,175,0.5
KEI,FAR,2026-09-29,NSE:KEI26SEPFUT,175,0.5
KFINTECH,NEAR,2026-07-28,NSE:KFINTECH26JULFUT,575,0.05
KFINTECH,NEXT,2026-08-25,NSE:KFINTECH26AUGFUT,575,0.05
KFINTECH,FAR,2026-09-29,NSE:KFINTECH26SEPFUT,575,0.05
KOTAKBANK,NEAR,2026-07-28,NSE:KOTAKBANK26JULFUT,2000,0.05
KOTAKBANK,NEXT,2026-08-25,NSE:KOTAKBANK26AUGFUT,2000,0.05
KOTAKBANK,FAR,2026-09-29,NSE:KOTAKBANK26SEPFUT,2000,0.05
KPITTECH,NEAR,2026-07-28,NSE:KPITTECH26JULFUT,775,0.05
KPITTECH,NEXT,2026-08-25,NSE:KPITTECH26AUGFUT,775,0.05
KPITTECH,FAR,2026-09-29,NSE:KPITTECH26SEPFUT,775,0.05
LAURUSLABS,NEAR,2026-07-28,NSE:LAURUSLABS26JULFUT,850,0.1
LAURUSLABS,NEXT,2026-08-25,NSE:LAURUSLABS26AUGFUT,850,0.1
LAURUSLABS,FAR,2026-09-29,NSE:LAURUSLABS26SEPFUT,850,0.1
LICHSGFIN,NEAR,2026-07-28,NSE:LICHSGFIN26JULFUT,1000,0.05
LICHSGFIN,NEXT,2026-08-25,NSE:LICHSGFIN26AUGFUT,1000,0.05
LICHSGFIN,FAR,2026-09-29,NSE:LICHSGFIN26SEPFUT,1000,0.05
LICI,NEAR,2026-07-28,NSE:LICI26JULFUT,1400,0.05
LICI,NEXT,2026-08-25,NSE:LICI26AUGFUT,1400,0.05
LICI,FAR,2026-09-29,NSE:LICI26SEPFUT,1400,0.05
LODHA,NEAR,2026-07-28,NSE:LODHA26JULFUT,625,0.05
LODHA,NEXT,2026-08-25,NSE:LODHA26AUGFUT,625,0.05
LODHA,FAR,2026-09-29,NSE:LODHA26SEPFUT,625,0.05
LT,NEAR,2026-07-28,NSE:LT26JULFUT,175,0.1
LT,NEXT,2026-08-25,NSE:LT26AUGFUT,175,0.1
LT,FAR,2026-09-29,NSE:LT26SEPFUT,175,0.1
LTF,NEAR,2026-07-28,NSE:LTF26JULFUT,2250,0.05
LTF,NEXT,2026-08-25,NSE:LTF26AUGFUT,2250,0.05
LTF,FAR,2026-09-29,NSE:LTF26SEPFUT,2250,0.05
LTM,NEAR,2026-07-28,NSE:LTM26JULFUT,150,0.1
LTM,NEXT,2026-08-25,NSE:LTM26AUGFUT,150,0.1
LTM,FAR,2026-09-29,NSE:LTM26SEPFUT,150,0.1
LUPIN,NEAR,2026-07-28,NSE:LUPIN26JULFUT,425,0.1
LUPIN,NEXT,2026-08-25,NSE:LUPIN26AUGFUT,425,0.1
LUPIN,FAR,2026-09-29,NSE:LUPIN26SEPFUT,425,0.1
M&M,NEAR,2026-07-28,NSE:M&M26JULFUT,200,0.1
M&M,NEXT,2026-08-25,NSE:M&M26AUGFUT,200,0.1
M&M,FAR,2026-09-29,NSE:M&M26SEPFUT,200,0.1
MANAPPURAM,NEAR,2026-07-28,NSE:MANAPPURAM26JULFUT,3000,0.05
MANAPPURAM,NEXT,2026-08-25,NSE:MANAPPURAM26AUGFUT,3000,0.05
MANAPPURAM,FAR,2026-09-29,NSE:MANAPPURAM26SEPFUT,3000,0.05
MANKIND,NEAR,2026-07-28,NSE:MANKIND26JULFUT,250,0.1
MANKIND,NEXT,2026-08-25,NSE:MANKIND26AUGFUT,250,0.1
MANKIND,FAR,2026-09-29,NSE:MANKIND26SEPFUT,250,0.1
MARICO,NEAR,2026-07-28,NSE:MARICO26JULFUT,1200,0.05
MARICO,NEXT,2026-08-25,NSE:MARICO26AUGFUT,1200,0.05
MARICO,FAR,2026-09-29,NSE:MARICO26SEPFUT,1200,0.05
MARUTI,NEAR,2026-07-28,NSE:MARUTI26JULFUT,50,1.0
MARUTI,NEXT,2026-08-25,NSE:MARUTI26AUGFUT,50,1.0
MARUTI,FAR,2026-09-29,NSE:MARUTI26SEPFUT,50,1.0
MAXHEALTH,NEAR,2026-07-28,NSE:MAXHEALTH26JULFUT,525,0.1
MAXHEALTH,NEXT,2026-08-25,NSE:MAXHEALTH26AUGFUT,525,0.1
MAXHEALTH,FAR,2026-09-29,NSE:MAXHEALTH26SEPFUT,525,0.1
MAZDOCK,NEAR,2026-07-28,NSE:MAZDOCK26JULFUT,225,0.1
MAZDOCK,NEXT,2026-08-25,NSE:MAZDOCK26AUGFUT,225,0.1
MAZDOCK,FAR,2026-09-29,NSE:MAZDOCK26SEPFUT,225,0.1
MCX,NEAR,2026-07-28,NSE:MCX26JULFUT,225,0.1
MCX,NEXT,2026-08-25,NSE:MCX26AUGFUT,225,0.1
MCX,FAR,2026-09-29,NSE:MCX26SEPFUT,225,0.1
MFSL,NEAR,2026-07-28,NSE:MFSL26JULFUT,400,0.1
MFSL,NEXT,2026-08-25,NSE:MFSL26AUGFUT,400,0.1
MFSL,FAR,2026-09-29,NSE:MFSL26SEPFUT,400,0.1
MIDCPNIFTY,NEAR,2026-07-28,NSE:MIDCPNIFTY26JULFUT,120,0.05
MIDCPNIFTY,NEXT,2026-08-25,NSE:MIDCPNIFTY26AUGFUT,120,0.05
MIDCPNIFTY,FAR,2026-09-29,NSE:MIDCPNIFTY26SEPFUT,120,0.05
MOTHERSON,NEAR,2026-07-28,NSE:MOTHERSON26JULFUT,6150,0.01
MOTHERSON,NEXT,2026-08-25,NSE:MOTHERSON26AUGFUT,6150,0.01
MOTHERSON,FAR,2026-09-29,NSE:MOTHERSON26SEPFUT,6150,0.01
MOTILALOFS,NEAR,2026-07-28,NSE:MOTILALOFS26JULFUT,775,0.05
MOTILALOFS,NEXT,2026-08-25,NSE:MOTILALOFS26AUGFUT,775,0.05
MOTILALOFS,FAR,2026-09-29,NSE:MOTILALOFS26SEPFUT,775,0.05
MPHASIS,NEAR,2026-07-28,NSE:MPHASIS26JULFUT,275,0.1
MPHASIS,NEXT,2026-08-25,NSE:MPHASIS26AUGFUT,275,0.1
MPHASIS,FAR,2026-09-29,NSE:MPHASIS26SEPFUT,275,0.1
MUTHOOTFIN,NEAR,2026-07-28,NSE:MUTHOOTFIN26JULFUT,275,0.1
MUTHOOTFIN,NEXT,2026-08-25,NSE:MUTHOOTFIN26AUGFUT,275,0.1
MUTHOOTFIN,FAR,2026-09-29,NSE:MUTHOOTFIN26SEPFUT,275,0.1
NAM-INDIA,NEAR,2026-07-28,NSE:NAM-INDIA26JULFUT,625,0.1
NAM-INDIA,NEXT,2026-08-25,NSE:NAM-INDIA26AUGFUT,625,0.1
NAM-INDIA,FAR,2026-09-29,NSE:NAM-INDIA26SEPFUT,625,0.1
NATIONALUM,NEAR,2026-07-28,NSE:NATIONALUM26JULFUT,1875,0.05
NATIONALUM,NEXT,2026-08-25,NSE:NATIONALUM26AUGFUT,1875,0.05
NATIONALUM,FAR,2026-09-29,NSE:NATIONALUM26SEPFUT,1875,0.05
NAUKRI,NEAR,2026-07-28,NSE:NAUKRI26JULFUT,550,0.05
NAUKRI,NEXT,2026-08-25,NSE:NAUKRI26AUGFUT,550,0.05
NAUKRI,FAR,2026-09-29,NSE:NAUKRI26SEPFUT,550,0.05
NBCC,NEAR,2026-07-28,NSE:NBCC26JULFUT,6500,0.01
NBCC,NEXT,2026-08-25,NSE:NBCC26AUGFUT,6500,0.01
NBCC,FAR,2026-09-29,NSE:NBCC26SEPFUT,6500,0.01
NESTLEIND,NEAR,2026-07-28,NSE:NESTLEIND26JULFUT,500,0.1
NESTLEIND,NEXT,2026-08-25,NSE:NESTLEIND26AUGFUT,500,0.1
NESTLEIND,FAR,2026-09-29,NSE:NESTLEIND26SEPFUT,500,0.1
NHPC,NEAR,2026-07-28,NSE:NHPC26JULFUT,6950,0.01
NHPC,NEXT,2026-08-25,NSE:NHPC26AUGFUT,6950,0.01
NHPC,FAR,2026-09-29,NSE:NHPC26SEPFUT,6950,0.01
NIFTY,NEAR,2026-07-28,NSE:NIFTY26JULFUT,65,0.1
NIFTY,NEXT,2026-08-25,NSE:NIFTY26AUGFUT,65,0.1
NIFTY,FAR,2026-09-29,NSE:NIFTY26SEPFUT,65,0.1
NIFTYNXT50,NEAR,2026-07-28,NSE:NIFTYNXT5026JULFUT,25,0.2
NIFTYNXT50,NEXT,2026-08-25,NSE:NIFTYNXT5026AUGFUT,25,0.2
NIFTYNXT50,FAR,2026-09-29,NSE:NIFTYNXT5026SEPFUT,25,0.2
NMDC,NEAR,2026-07-28,NSE:NMDC26JULFUT,6750,0.01
NMDC,NEXT,2026-08-25,NSE:NMDC26AUGFUT,6750,0.01
NMDC,FAR,2026-09-29,NSE:NMDC26SEPFUT,6750,0.01
NTPC,NEAR,2026-07-28,NSE:NTPC26JULFUT,1500,0.05
NTPC,NEXT,2026-08-25,NSE:NTPC26AUGFUT,1500,0.05
NTPC,FAR,2026-09-29,NSE:NTPC26SEPFUT,1500,0.05
NUVAMA,NEAR,2026-07-28,NSE:NUVAMA26JULFUT,500,0.1
NYKAA,NEAR,2026-07-28,NSE:NYKAA26JULFUT,3125,0.05
NYKAA,NEXT,2026-08-25,NSE:NYKAA26AUGFUT,3125,0.05
NYKAA,FAR,2026-09-29,NSE:NYKAA26SEPFUT,3125,0.05
OBEROIRLTY,NEAR,2026-07-28,NSE:OBEROIRLTY26JULFUT,350,0.1
OBEROIRLTY,NEXT,2026-08-25,NSE:OBEROIRLTY26AUGFUT,350,0.1
OBEROIRLTY,FAR,2026-09-29,NSE:OBEROIRLTY26SEPFUT,350,0.1
OFSS,NEAR,2026-07-28,NSE:OFSS26JULFUT,100,1.0
OFSS,NEXT,2026-08-25,NSE:OFSS26AUGFUT,100,1.0
OFSS,FAR,2026-09-29,NSE:OFSS26SEPFUT,100,1.0
OIL,NEAR,2026-07-28,NSE:OIL26JULFUT,1400,0.05
OIL,NEXT,2026-08-25,NSE:OIL26AUGFUT,1400,0.05
OIL,FAR,2026-09-29,NSE:OIL26SEPFUT,1400,0.05
ONGC,NEAR,2026-07-28,NSE:ONGC26JULFUT,2250,0.01
ONGC,NEXT,2026-08-25,NSE:ONGC26AUGFUT,2250,0.01
ONGC,FAR,2026-09-29,NSE:ONGC26SEPFUT,2250,0.01
PAGEIND,NEAR,2026-07-28,NSE:PAGEIND26JULFUT,20,5.0
PAGEIND,NEXT,2026-08-25,NSE:PAGEIND26AUGFUT,20,5.0
PAGEIND,FAR,2026-09-29,NSE:PAGEIND26SEPFUT,20,5.0
PATANJALI,NEAR,2026-07-28,NSE:PATANJALI26JULFUT,1075,0.05
PATANJALI,NEXT,2026-08-25,NSE:PATANJALI26AUGFUT,1075,0.05
PATANJALI,FAR,2026-09-29,NSE:PATANJALI26SEPFUT,1075,0.05
PAYTM,NEAR,2026-07-28,NSE:PAYTM26JULFUT,725,0.1
PAYTM,NEXT,2026-08-25,NSE:PAYTM26AUGFUT,725,0.1
PAYTM,FAR,2026-09-29,NSE:PAYTM26SEPFUT,725,0.1
PERSISTENT,NEAR,2026-07-28,NSE:PERSISTENT26JULFUT,125,0.1
PERSISTENT,NEXT,2026-08-25,NSE:PERSISTENT26AUGFUT,125,0.1
PERSISTENT,FAR,2026-09-29,NSE:PERSISTENT26SEPFUT,125,0.1
PETRONET,NEAR,2026-07-28,NSE:PETRONET26JULFUT,1900,0.05
PETRONET,NEXT,2026-08-25,NSE:PETRONET26AUGFUT,1900,0.05
PETRONET,FAR,2026-09-29,NSE:PETRONET26SEPFUT,1900,0.05
PFC,NEAR,2026-07-28,NSE:PFC26JULFUT,1300,0.05
PFC,NEXT,2026-08-25,NSE:PFC26AUGFUT,1300,0.05
PFC,FAR,2026-09-29,NSE:PFC26SEPFUT,1300,0.05
PGEL,NEAR,2026-07-28,NSE:PGEL26JULFUT,950,0.05
PGEL,NEXT,2026-08-25,NSE:PGEL26AUGFUT,950,0.05
PGEL,FAR,2026-09-29,NSE:PGEL26SEPFUT,950,0.05
PHOENIXLTD,NEAR,2026-07-28,NSE:PHOENIXLTD26JULFUT,350,0.1
PHOENIXLTD,NEXT,2026-08-25,NSE:PHOENIXLTD26AUGFUT,350,0.1
PHOENIXLTD,FAR,2026-09-29,NSE:PHOENIXLTD26SEPFUT,350,0.1
PIDILITIND,NEAR,2026-07-28,NSE:PIDILITIND26JULFUT,500,0.1
PIDILITIND,NEXT,2026-08-25,NSE:PIDILITIND26AUGFUT,500,0.1
PIDILITIND,FAR,2026-09-29,NSE:PIDILITIND26SEPFUT,500,0.1
PIIND,NEAR,2026-07-28,NSE:PIIND26JULFUT,175,0.1
PIIND,NEXT,2026-08-25,NSE:PIIND26AUGFUT,175,0.1
PIIND,FAR,2026-09-29,NSE:PIIND26SEPFUT,175,0.1
PNB,NEAR,2026-07-28,NSE:PNB26JULFUT,8000,0.01
PNB,NEXT,2026-08-25,NSE:PNB26AUGFUT,8000,0.01
PNB,FAR,2026-09-29,NSE:PNB26SEPFUT,8000,0.01
PNBHOUSING,NEAR,2026-07-28,NSE:PNBHOUSING26JULFUT,650,0.1
PNBHOUSING,NEXT,2026-08-25,NSE:PNBHOUSING26AUGFUT,650,0.1
PNBHOUSING,FAR,2026-09-29,NSE:PNBHOUSING26SEPFUT,650,0.1
POLICYBZR,NEAR,2026-07-28,NSE:POLICYBZR26JULFUT,350,0.1
POLICYBZR,NEXT,2026-08-25,NSE:POLICYBZR26AUGFUT,350,0.1
POLICYBZR,FAR,2026-09-29,NSE:POLICYBZR26SEPFUT,350,0.1
POLYCAB,NEAR,2026-07-28,NSE:POLYCAB26JULFUT,125,0.5
POLYCAB,NEXT,2026-08-25,NSE:POLYCAB26AUGFUT,125,0.5
POLYCAB,FAR,2026-09-29,NSE:POLYCAB26SEPFUT,125,0.5
POWERGRID,NEAR,2026-07-28,NSE:POWERGRID26JULFUT,1900,0.05
POWERGRID,NEXT,2026-08-25,NSE:POWERGRID26AUGFUT,1900,0.05
POWERGRID,FAR,2026-09-29,NSE:POWERGRID26SEPFUT,1900,0.05
POWERINDIA,NEAR,2026-07-28,NSE:POWERINDIA26JULFUT,25,5.0
POWERINDIA,NEXT,2026-08-25,NSE:POWERINDIA26AUGFUT,25,5.0
POWERINDIA,FAR,2026-09-29,NSE:POWERINDIA26SEPFUT,25,5.0
PREMIERENE,NEAR,2026-07-28,NSE:PREMIERENE26JULFUT,650,0.1
PREMIERENE,NEXT,2026-08-25,NSE:PREMIERENE26AUGFUT,650,0.1
PREMIERENE,FAR,2026-09-29,NSE:PREMIERENE26SEPFUT,650,0.1
PRESTIGE,NEAR,2026-07-28,NSE:PRESTIGE26JULFUT,450,0.1
PRESTIGE,NEXT,2026-08-25,NSE:PRESTIGE26AUGFUT,450,0.1
PRESTIGE,FAR,2026-09-29,NSE:PRESTIGE26SEPFUT,450,0.1
RADICO,NEAR,2026-07-28,NSE:RADICO26JULFUT,150,0.1
RADICO,NEXT,2026-08-25,NSE:RADICO26AUGFUT,150,0.1
RADICO,FAR,2026-09-29,NSE:RADICO26SEPFUT,150,0.1
RBLBANK,NEAR,2026-07-28,NSE:RBLBANK26JULFUT,3175,0.05
RBLBANK,NEXT,2026-08-25,NSE:RBLBANK26AUGFUT,3175,0.05
RBLBANK,FAR,2026-09-29,NSE:RBLBANK26SEPFUT,3175,0.05
RECLTD,NEAR,2026-07-28,NSE:RECLTD26JULFUT,1575,0.05
RECLTD,NEXT,2026-08-25,NSE:RECLTD26AUGFUT,1575,0.05
RECLTD,FAR,2026-09-29,NSE:RECLTD26SEPFUT,1575,0.05
RELIANCE,NEAR,2026-07-28,NSE:RELIANCE26JULFUT,500,0.1
RELIANCE,NEXT,2026-08-25,NSE:RELIANCE26AUGFUT,500,0.1
RELIANCE,FAR,2026-09-29,NSE:RELIANCE26SEPFUT,500,0.1
RVNL,NEAR,2026-07-28,NSE:RVNL26JULFUT,1925,0.01
RVNL,NEXT,2026-08-25,NSE:RVNL26AUGFUT,1925,0.01
RVNL,FAR,2026-09-29,NSE:RVNL26SEPFUT,1925,0.01
SAIL,NEAR,2026-07-28,NSE:SAIL26JULFUT,4700,0.01
SAIL,NEXT,2026-08-25,NSE:SAIL26AUGFUT,4700,0.01
SAIL,FAR,2026-09-29,NSE:SAIL26SEPFUT,4700,0.01
SBICARD,NEAR,2026-07-28,NSE:SBICARD26JULFUT,800,0.05
SBICARD,NEXT,2026-08-25,NSE:SBICARD26AUGFUT,800,0.05
SBICARD,FAR,2026-09-29,NSE:SBICARD26SEPFUT,800,0.05
SBILIFE,NEAR,2026-07-28,NSE:SBILIFE26JULFUT,375,0.1
SBILIFE,NEXT,2026-08-25,NSE:SBILIFE26AUGFUT,375,0.1
SBILIFE,FAR,2026-09-29,NSE:SBILIFE26SEPFUT,375,0.1
SBIN,NEAR,2026-07-28,NSE:SBIN26JULFUT,750,0.1
SBIN,NEXT,2026-08-25,NSE:SBIN26AUGFUT,750,0.1
SBIN,FAR,2026-09-29,NSE:SBIN26SEPFUT,750,0.1
SHREECEM,NEAR,2026-07-28,NSE:SHREECEM26JULFUT,25,5.0
SHREECEM,NEXT,2026-08-25,NSE:SHREECEM26AUGFUT,25,5.0
SHREECEM,FAR,2026-09-29,NSE:SHREECEM26SEPFUT,25,5.0
SHRIRAMFIN,NEAR,2026-07-28,NSE:SHRIRAMFIN26JULFUT,825,0.1
SHRIRAMFIN,NEXT,2026-08-25,NSE:SHRIRAMFIN26AUGFUT,825,0.1
SHRIRAMFIN,FAR,2026-09-29,NSE:SHRIRAMFIN26SEPFUT,825,0.1
SIEMENS,NEAR,2026-07-28,NSE:SIEMENS26JULFUT,175,0.1
SIEMENS,NEXT,2026-08-25,NSE:SIEMENS26AUGFUT,175,0.1
SIEMENS,FAR,2026-09-29,NSE:SIEMENS26SEPFUT,175,0.1
SOLARINDS,NEAR,2026-07-28,NSE:SOLARINDS26JULFUT,50,1.0
SOLARINDS,NEXT,2026-08-25,NSE:SOLARINDS26AUGFUT,50,1.0
SOLARINDS,FAR,2026-09-29,NSE:SOLARINDS26SEPFUT,50,1.0
SONACOMS,NEAR,2026-07-28,NSE:SONACOMS26JULFUT,1225,0.05
SONACOMS,NEXT,2026-08-25,NSE:SONACOMS26AUGFUT,1225,0.05
SONACOMS,FAR,2026-09-29,NSE:SONACOMS26SEPFUT,1225,0.05
SRF,NEAR,2026-07-28,NSE:SRF26JULFUT,200,0.1
SRF,NEXT,2026-08-25,NSE:SRF26AUGFUT,200,0.1
SRF,FAR,2026-09-29,NSE:SRF26SEPFUT,200,0.1
SUNPHARMA,NEAR,2026-07-28,NSE:SUNPHARMA26JULFUT,350,0.1
SUNPHARMA,NEXT,2026-08-25,NSE:SUNPHARMA26AUGFUT,350,0.1
SUNPHARMA,FAR,2026-09-29,NSE:SUNPHARMA26SEPFUT,350,0.1
SUPREMEIND,NEAR,2026-07-28,NSE:SUPREMEIND26JULFUT,175,0.1
SUPREMEIND,NEXT,2026-08-25,NSE:SUPREMEIND26AUGFUT,175,0.1
SUPREMEIND,FAR,2026-09-29,NSE:SUPREMEIND26SEPFUT,175,0.1
SUZLON,NEAR,2026-07-28,NSE:SUZLON26JULFUT,12700,0.01
SUZLON,NEXT,2026-08-25,NSE:SUZLON26AUGFUT,12700,0.01
SUZLON,FAR,2026-09-29,NSE:SUZLON26SEPFUT,12700,0.01
SWIGGY,NEAR,2026-07-28,NSE:SWIGGY26JULFUT,1825,0.01
SWIGGY,NEXT,2026-08-25,NSE:SWIGGY26AUGFUT,1825,0.01
SWIGGY,FAR,2026-09-29,NSE:SWIGGY26SEPFUT,1825,0.01
TATACONSUM,NEAR,2026-07-28,NSE:TATACONSUM26JULFUT,550,0.1
TATACONSUM,NEXT,2026-08-25,NSE:TATACONSUM26AUGFUT,550,0.1
TATACONSUM,FAR,2026-09-29,NSE:TATACONSUM26SEPFUT,550,0.1
TATAELXSI,NEAR,2026-07-28,NSE:TATAELXSI26JULFUT,125,0.1
TATAELXSI,NEXT,2026-08-25,NSE:TATAELXSI26AUGFUT,125,0.1
TATAELXSI,FAR,2026-09-29,NSE:TATAELXSI26SEPFUT,125,0.1
TATAPOWER,NEAR,2026-07-28,NSE:TATAPOWER26JULFUT,1450,0.05
TATAPOWER,NEXT,2026-08-25,NSE:TATAPOWER26AUGFUT,1450,0.05
TATAPOWER,FAR,2026-09-29,NSE:TATAPOWER26SEPFUT,1450,0.05
TATASTEEL,NEAR,2026-07-28,NSE:TATASTEEL26JULFUT,2750,0.01
TATASTEEL,NEXT,2026-08-25,NSE:TATASTEEL26AUGFUT,2750,0.01
TATASTEEL,FAR,2026-09-29,NSE:TATASTEEL26SEPFUT,2750,0.01
TCS,NEAR,2026-07-28,NSE:TCS26JULFUT,225,0.1
TCS,NEXT,2026-08-25,NSE:TCS26AUGFUT,225,0.1
TCS,FAR,2026-09-29,NSE:TCS26SEPFUT,225,0.1
TECHM,NEAR,2026-07-28,NSE:TECHM26JULFUT,600,0.1
TECHM,NEXT,2026-08-25,NSE:TECHM26AUGFUT,600,0.1
TECHM,FAR,2026-09-29,NSE:TECHM26SEPFUT,600,0.1
TIINDIA,NEAR,2026-07-28,NSE:TIINDIA26JULFUT,200,0.1
TIINDIA,NEXT,2026-08-25,NSE:TIINDIA26AUGFUT,200,0.1
TIINDIA,FAR,2026-09-29,NSE:TIINDIA26SEPFUT,200,0.1
TITAN,NEAR,2026-07-28,NSE:TITAN26JULFUT,175,0.1
TITAN,NEXT,2026-08-25,NSE:TITAN26AUGFUT,175,0.1
TITAN,FAR,2026-09-29,NSE:TITAN26SEPFUT,175,0.1
TMPV,NEAR,2026-07-28,NSE:TMPV26JULFUT,1600,0.05
TMPV,NEXT,2026-08-25,NSE:TMPV26AUGFUT,1600,0.05
TMPV,FAR,2026-09-29,NSE:TMPV26SEPFUT,1600,0.05
TORNTPHARM,NEAR,2026-07-28,NSE:TORNTPHARM26JULFUT,125,0.1
TORNTPHARM,NEXT,2026-08-25,NSE:TORNTPHARM26AUGFUT,125,0.1
TORNTPHARM,FAR,2026-09-29,NSE:TORNTPHARM26SEPFUT,125,0.1
TRENT,NEAR,2026-07-28,NSE:TRENT26JULFUT,225,0.1
TRENT,NEXT,2026-08-25,NSE:TRENT26AUGFUT,225,0.1
TRENT,FAR,2026-09-29,NSE:TRENT26SEPFUT,225,0.1
TVSMOTOR,NEAR,2026-07-28,NSE:TVSMOTOR26JULFUT,175,0.1
TVSMOTOR,NEXT,2026-08-25,NSE:TVSMOTOR26AUGFUT,175,0.1
TVSMOTOR,FAR,2026-09-29,NSE:TVSMOTOR26SEPFUT,175,0.1
ULTRACEMCO,NEAR,2026-07-28,NSE:ULTRACEMCO26JULFUT,50,1.0
ULTRACEMCO,NEXT,2026-08-25,NSE:ULTRACEMCO26AUGFUT,50,1.0
ULTRACEMCO,FAR,2026-09-29,NSE:ULTRACEMCO26SEPFUT,50,1.0
UNIONBANK,NEAR,2026-07-28,NSE:UNIONBANK26JULFUT,4425,0.01
UNIONBANK,NEXT,2026-08-25,NSE:UNIONBANK26AUGFUT,4425,0.01
UNIONBANK,FAR,2026-09-29,NSE:UNIONBANK26SEPFUT,4425,0.01
UNITDSPR,NEAR,2026-07-28,NSE:UNITDSPR26JULFUT,400,0.1
UNITDSPR,NEXT,2026-08-25,NSE:UNITDSPR26AUGFUT,400,0.1
UNITDSPR,FAR,2026-09-29,NSE:UNITDSPR26SEPFUT,400,0.1
UNOMINDA,NEAR,2026-07-28,NSE:UNOMINDA26JULFUT,550,0.1
UNOMINDA,NEXT,2026-08-25,NSE:UNOMINDA26AUGFUT,550,0.1
UNOMINDA,FAR,2026-09-29,NSE:UNOMINDA26SEPFUT,550,0.1
UPL,NEAR,2026-07-28,NSE:UPL26JULFUT,1355,0.05
UPL,NEXT,2026-08-25,NSE:UPL26AUGFUT,1355,0.05
UPL,FAR,2026-09-29,NSE:UPL26SEPFUT,1355,0.05
VBL,NEAR,2026-07-28,NSE:VBL26JULFUT,1275,0.05
VBL,NEXT,2026-08-25,NSE:VBL26AUGFUT,1275,0.05
VBL,FAR,2026-09-29,NSE:VBL26SEPFUT,1275,0.05
VEDL,NEAR,2026-07-28,NSE:VEDL26JULFUT,1150,0.05
VEDL,NEXT,2026-08-25,NSE:VEDL26AUGFUT,1150,0.05
VEDL,FAR,2026-09-29,NSE:VEDL26SEPFUT,1150,0.05
VMM,NEAR,2026-07-28,NSE:VMM26JULFUT,4850,0.01
VMM,NEXT,2026-08-25,NSE:VMM26AUGFUT,4850,0.01
VMM,FAR,2026-09-29,NSE:VMM26SEPFUT,4850,0.01
VOLTAS,NEAR,2026-07-28,NSE:VOLTAS26JULFUT,375,0.1
VOLTAS,NEXT,2026-08-25,NSE:VOLTAS26AUGFUT,375,0.1
VOLTAS,FAR,2026-09-29,NSE:VOLTAS26SEPFUT,375,0.1
WAAREEENER,NEAR,2026-07-28,NSE:WAAREEENER26JULFUT,175,0.1
WAAREEENER,NEXT,2026-08-25,NSE:WAAREEENER26AUGFUT,175,0.1
WAAREEENER,FAR,2026-09-29,NSE:WAAREEENER26SEPFUT,175,0.1
WIPRO,NEAR,2026-07-28,NSE:WIPRO26JULFUT,3000,0.01
WIPRO,NEXT,2026-08-25,NSE:WIPRO26AUGFUT,3000,0.01
WIPRO,FAR,2026-09-29,NSE:WIPRO26SEPFUT,3000,0.01
YESBANK,NEAR,2026-07-28,NSE:YESBANK26JULFUT,31100,0.01
YESBANK,NEXT,2026-08-25,NSE:YESBANK26AUGFUT,31100,0.01
YESBANK,FAR,2026-09-29,NSE:YESBANK26SEPFUT,31100,0.01
ZYDUSLIFE,NEAR,2026-07-28,NSE:ZYDUSLIFE26JULFUT,900,0.1
ZYDUSLIFE,NEXT,2026-08-25,NSE:ZYDUSLIFE26AUGFUT,900,0.1
ZYDUSLIFE,FAR,2026-09-29,NSE:ZYDUSLIFE26SEPFUT,900,0.1
